<?xml version="1.0" encoding="UTF-8"?>
<project name="myfirstmr" default="all">
  
  
  <property file="myfirstmr.properties"/>
  <!-- Uncomment the following property if no tests compilation is needed -->
  <!-- 
  <property name="skip.tests" value="true"/>
   -->
  
  <!-- Compiler options -->
  
  <property name="compiler.debug" value="on"/>
  <property name="compiler.generate.no.warnings" value="off"/>
  <property name="compiler.args" value=""/>
  <property name="compiler.max.memory" value="700m"/>
  <patternset id="ignored.files">
    <exclude name="**/*.hprof/**"/>
    <exclude name="**/*.pyc/**"/>
    <exclude name="**/*.pyo/**"/>
    <exclude name="**/*.rbc/**"/>
    <exclude name="**/*~/**"/>
    <exclude name="**/.DS_Store/**"/>
    <exclude name="**/.bundle/**"/>
    <exclude name="**/.git/**"/>
    <exclude name="**/.hg/**"/>
    <exclude name="**/.svn/**"/>
    <exclude name="**/.tox/**"/>
    <exclude name="**/CVS/**"/>
    <exclude name="**/RCS/**"/>
    <exclude name="**/SCCS/**"/>
    <exclude name="**/__pycache__/**"/>
    <exclude name="**/_svn/**"/>
    <exclude name="**/rcs/**"/>
    <exclude name="**/vssver.scc/**"/>
    <exclude name="**/vssver2.scc/**"/>
  </patternset>
  <patternset id="library.patterns">
    <include name="*.war"/>
    <include name="*.ear"/>
    <include name="*.apk"/>
    <include name="*.zip"/>
    <include name="*.swc"/>
    <include name="*.ane"/>
    <include name="*.egg"/>
    <include name="*.jar"/>
  </patternset>
  <patternset id="compiler.resources">
    <exclude name="**/?*.java"/>
    <exclude name="**/?*.form"/>
    <exclude name="**/?*.class"/>
    <exclude name="**/?*.groovy"/>
    <exclude name="**/?*.scala"/>
    <exclude name="**/?*.flex"/>
    <exclude name="**/?*.kt"/>
    <exclude name="**/?*.clj"/>
    <exclude name="**/?*.aj"/>
  </patternset>
  
  <!-- JDK definitions -->
  
  <property name="jdk.bin.1.8" value="${jdk.home.1.8}/bin"/>
  <path id="jdk.classpath.1.8">
    <fileset dir="${jdk.home.1.8}">
      <include name="lib/ant-javafx.jar"/>
      <include name="lib/dt.jar"/>
      <include name="lib/javafx-mx.jar"/>
      <include name="lib/jconsole.jar"/>
      <include name="lib/packager.jar"/>
      <include name="lib/sa-jdi.jar"/>
      <include name="lib/tools.jar"/>
      <include name="jre/lib/charsets.jar"/>
      <include name="jre/lib/deploy.jar"/>
      <include name="jre/lib/javaws.jar"/>
      <include name="jre/lib/jce.jar"/>
      <include name="jre/lib/jfr.jar"/>
      <include name="jre/lib/jfxswt.jar"/>
      <include name="jre/lib/jsse.jar"/>
      <include name="jre/lib/management-agent.jar"/>
      <include name="jre/lib/plugin.jar"/>
      <include name="jre/lib/resources.jar"/>
      <include name="jre/lib/rt.jar"/>
      <include name="jre/lib/ext/cldrdata.jar"/>
      <include name="jre/lib/ext/dnsns.jar"/>
      <include name="jre/lib/ext/jaccess.jar"/>
      <include name="jre/lib/ext/jfxrt.jar"/>
      <include name="jre/lib/ext/localedata.jar"/>
      <include name="jre/lib/ext/nashorn.jar"/>
      <include name="jre/lib/ext/sunec.jar"/>
      <include name="jre/lib/ext/sunjce_provider.jar"/>
      <include name="jre/lib/ext/sunpkcs11.jar"/>
      <include name="jre/lib/ext/zipfs.jar"/>
    </fileset>
  </path>
  
  <property name="project.jdk.home" value="${jdk.home.1.8}"/>
  <property name="project.jdk.bin" value="${jdk.bin.1.8}"/>
  <property name="project.jdk.classpath" value="jdk.classpath.1.8"/>
  <!-- Register Custom Compiler Taskdefs -->
  <property name="javac2.home" value="${idea.home}/lib"/>
  <path id="javac2.classpath">
    <pathelement location="${javac2.home}/javac2.jar"/>
    <pathelement location="${javac2.home}/jdom.jar"/>
    <pathelement location="${javac2.home}/asm-all.jar"/>
    <pathelement location="${javac2.home}/jgoodies-forms.jar"/>
  </path>
  <target name="register.custom.compilers">
    <taskdef name="javac2" classname="com.intellij.ant.Javac2" classpathref="javac2.classpath"/>
    <taskdef name="instrumentIdeaExtensions" classname="com.intellij.ant.InstrumentIdeaExtensions" classpathref="javac2.classpath"/>
  </target>
  
  <!-- Modules -->
  
  <import file="${basedir}/module_myfirstmr.xml"/>
  
  <target name="init" description="Build initialization">
    <!-- Perform any build initialization in this target -->
  </target>
  
  <target name="clean" depends="clean.module.myfirstmr" description="cleanup all"/>
  
  <target name="build.modules" depends="init, clean, compile.module.myfirstmr" description="build all modules"/>
  
  <target name="init.artifacts">
    <property name="artifacts.temp.dir" value="${basedir}/__artifacts_temp"/>
    <property name="artifact.output.myfirstmr:jar" value="${basedir}/out/artifacts/myFirstMR_jar"/>
    <mkdir dir="${artifacts.temp.dir}"/>
    <property name="temp.jar.path.myFirstMR.jar" value="${artifacts.temp.dir}/myFirstMR.jar"/>
  </target>
  
  <target name="artifact.myfirstmr:jar" depends="init.artifacts, compile.module.myfirstmr" description="Build &#39;myFirstMR:jar&#39; artifact">
    <property name="artifact.temp.output.myfirstmr:jar" value="${artifacts.temp.dir}/myFirstMR_jar"/>
    <mkdir dir="${artifact.temp.output.myfirstmr:jar}"/>
    <ant antfile="" target="null" dir="">
      <property name="artifact.output.path" value="${artifact.temp.output.myfirstmr:jar}"/>
    </ant>
    <jar destfile="${temp.jar.path.myFirstMR.jar}" duplicate="preserve" filesetmanifest="mergewithoutmain">
      <zipfileset dir="${myfirstmr.output.dir}"/>
      <zipfileset src="${basedir}/../../../hadoop-2.7.2/share/hadoop/mapreduce/hadoop-mapreduce-client-app-2.7.2.jar"/>
      <zipfileset src="${basedir}/../../../hadoop-2.7.2/share/hadoop/mapreduce/hadoop-mapreduce-examples-2.7.2.jar"/>
      <zipfileset src="${basedir}/../../../hadoop-2.7.2/share/hadoop/mapreduce/hadoop-mapreduce-client-hs-2.7.2.jar"/>
      <zipfileset src="${basedir}/../../../hadoop-2.7.2/share/hadoop/common/lib/httpcore-4.2.5.jar"/>
      <zipfileset src="${basedir}/../../../hadoop-2.7.2/share/hadoop/mapreduce/hadoop-mapreduce-client-hs-plugins-2.7.2.jar"/>
      <zipfileset src="${basedir}/../../../hadoop-2.7.2/share/hadoop/common/lib/httpclient-4.2.5.jar"/>
      <zipfileset src="${basedir}/../../../hadoop-2.7.2/share/hadoop/mapreduce/lib/xz-1.0.jar"/>
      <zipfileset src="${basedir}/../../../hadoop-2.7.2/share/hadoop/mapreduce/lib/junit-4.11.jar"/>
      <zipfileset src="${basedir}/../../../hadoop-2.7.2/share/hadoop/mapreduce/hadoop-mapreduce-client-jobclient-2.7.2-tests.jar"/>
      <zipfileset src="${basedir}/../../../hadoop-2.7.2/share/hadoop/mapreduce/lib/hamcrest-core-1.3.jar"/>
      <zipfileset src="${basedir}/../../../hadoop-2.7.2/share/hadoop/mapreduce/hadoop-mapreduce-client-shuffle-2.7.2.jar"/>
      <zipfileset src="${basedir}/../../../hadoop-2.7.2/share/hadoop/mapreduce/hadoop-mapreduce-client-common-2.7.2.jar"/>
      <zipfileset src="${basedir}/../../../hadoop-2.7.2/share/hadoop/mapreduce/lib/jackson-core-asl-1.9.13.jar"/>
      <zipfileset src="${basedir}/../../../hadoop-2.7.2/share/hadoop/mapreduce/lib/jersey-guice-1.9.jar"/>
      <zipfileset src="${basedir}/../../../hadoop-2.7.2/share/hadoop/mapreduce/lib/asm-3.2.jar"/>
      <zipfileset src="${basedir}/../../../hadoop-2.7.2/share/hadoop/mapreduce/lib/snappy-java-1.0.4.1.jar"/>
      <zipfileset src="${basedir}/../../../hadoop-2.7.2/share/hadoop/mapreduce/lib/avro-1.7.4.jar"/>
      <zipfileset src="${basedir}/../../../hadoop-2.7.2/share/hadoop/mapreduce/hadoop-mapreduce-client-core-2.7.2.jar"/>
      <zipfileset src="${basedir}/../../../hadoop-2.7.2/share/hadoop/mapreduce/lib/jersey-core-1.9.jar"/>
      <zipfileset src="${basedir}/../../../hadoop-2.7.2/share/hadoop/mapreduce/lib/aopalliance-1.0.jar"/>
      <zipfileset src="${basedir}/../../../hadoop-2.7.2/share/hadoop/mapreduce/lib/log4j-1.2.17.jar"/>
      <zipfileset src="${basedir}/../../../hadoop-2.7.2/share/hadoop/mapreduce/lib/netty-3.6.2.Final.jar"/>
      <zipfileset src="${basedir}/../../../hadoop-2.7.2/share/hadoop/mapreduce/hadoop-mapreduce-client-jobclient-2.7.2.jar"/>
      <zipfileset src="${basedir}/../../../hadoop-2.7.2/share/hadoop/mapreduce/lib/commons-compress-1.4.1.jar"/>
      <zipfileset src="${basedir}/../../../hadoop-2.7.2/share/hadoop/common/lib/hadoop-auth-2.7.2.jar"/>
      <zipfileset src="${basedir}/../../../hadoop-2.7.2/share/hadoop/mapreduce/lib/guice-servlet-3.0.jar"/>
      <zipfileset src="${basedir}/../../../hadoop-2.7.2/share/hadoop/mapreduce/lib/hadoop-annotations-2.7.2.jar"/>
      <zipfileset src="${basedir}/../../../hadoop-2.7.2/share/hadoop/mapreduce/lib/jackson-mapper-asl-1.9.13.jar"/>
      <zipfileset src="${basedir}/../../../hadoop-2.7.2/share/hadoop/mapreduce/lib/jersey-server-1.9.jar"/>
      <zipfileset src="${basedir}/../../../hadoop-2.7.2/share/hadoop/mapreduce/lib/guice-3.0.jar"/>
      <zipfileset src="${basedir}/../../../hadoop-2.7.2/share/hadoop/common/hadoop-common-2.7.2.jar"/>
      <zipfileset dir="${basedir}/../../../hadoop-2.7.2/etc/hadoop"/>
      <zipfileset src="${basedir}/../../../hadoop-2.7.2/share/hadoop/common/lib/hadoop-annotations-2.7.2.jar"/>
      <zipfileset src="${basedir}/../../../hadoop-2.7.2/share/hadoop/mapreduce/lib/protobuf-java-2.5.0.jar"/>
      <zipfileset src="${basedir}/../../../hadoop-2.7.2/share/hadoop/mapreduce/lib/leveldbjni-all-1.8.jar"/>
      <zipfileset src="${basedir}/../../../hadoop-2.7.2/share/hadoop/mapreduce/lib/paranamer-2.3.jar"/>
      <zipfileset src="${basedir}/../../../hadoop-2.7.2/share/hadoop/mapreduce/lib/commons-io-2.4.jar"/>
      <zipfileset src="${basedir}/../../../hadoop-2.7.2/share/hadoop/mapreduce/lib/javax.inject-1.jar"/>
    </jar>
    <copy file="${temp.jar.path.myFirstMR.jar}" tofile="${artifact.temp.output.myfirstmr:jar}/myFirstMR.jar"/>
    <ant antfile="" target="null" dir="">
      <property name="artifact.output.path" value="${artifact.temp.output.myfirstmr:jar}"/>
    </ant>
  </target>
  
  <target name="build.all.artifacts" depends="artifact.myfirstmr:jar" description="Build all artifacts">
    <mkdir dir="${artifact.output.myfirstmr:jar}"/>
    <copy todir="${artifact.output.myfirstmr:jar}">
      <fileset dir="${artifact.temp.output.myfirstmr:jar}"/>
    </copy>
    
    <!-- Delete temporary files -->
    <delete dir="${artifacts.temp.dir}"/>
  </target>
  
  <target name="all" depends="build.modules, build.all.artifacts" description="build all"/>
</project>