SYMBOL,NAME,,,,,,,,,,
20MICRONS,20MICRONS,,,,,,,,,,
3IINFOTECH,3IINFOTECH,,,,,,,,,,
3MINDIA,3MINDIA,,,,,,,,,,
8KMILES,8KMILES,,,,,,,,,,
A2ZMES,A2ZMES,,,,,,,,,,
AARTIDRUGS,AARTIDRUGS,,,,,,,,,,
AARTIIND,AARTIIND,,,,,,,,,,
AARVEEDEN,AARVEEDEN,,,,,,,,,,
ABAN,ABAN,,,,,,,,,,
ABB,ABB,,,,,,,,,,
ABBOTINDIA,ABBOTINDIA,,,,,,,,,,
ABCIL,ABCIL,,,,,,,,,,
ABGSHIP,ABGSHIP,,,,,,,,,,
ABIRLANUVO,ABIRLANUVO,,,,,,,,,,
ACC,ACC,,,,,,,,,,
ACCELYA,ACCELYA,,,,,,,,,,
ACE,ACE,,,,,,,,,,
ACROPETAL,ACROPETAL,,,,,,,,,,
ADANIENT,ADANIENT,,,,,,,,,,
ADANIPORTS,ADANIPORTS,,,,,,,,,,
ADANIPOWER,ADANIPOWER,,,,,,,,,,